feature,train_missing,train_missing_pct,test_missing,test_missing_pct
PoolQC,1307,99.46727549467276,146,100.0
MiscFeature,1266,96.34703196347031,140,95.8904109589041
Alley,1231,93.6834094368341,138,94.52054794520548
Fence,1068,81.27853881278538,111,76.02739726027397
MasVnrType,788,59.96955859969558,84,57.534246575342465
FireplaceQu,621,47.26027397260274,69,47.26027397260274
LotFrontage,236,17.960426179604262,23,15.753424657534246
GarageType,78,5.93607305936073,3,2.054794520547945
GarageYrBlt,78,5.93607305936073,3,2.054794520547945
GarageFinish,78,5.93607305936073,3,2.054794520547945
GarageQual,78,5.93607305936073,3,2.054794520547945
GarageCond,78,5.93607305936073,3,2.054794520547945
BsmtExposure,32,2.43531202435312,6,4.10958904109589
BsmtFinType2,32,2.43531202435312,6,4.10958904109589
BsmtQual,31,2.359208523592085,6,4.10958904109589
BsmtCond,31,2.359208523592085,6,4.10958904109589
BsmtFinType1,31,2.359208523592085,6,4.10958904109589
MasVnrArea,7,0.532724505327245,1,0.684931506849315
Electrical,1,0.076103500761035,0,0.0
