Neighborhood,median_price,mean_price,house_count
MeadowV,88000.0,98576.4705882353,17
IDOTRR,104750.0,100472.94117647059,34
BrDale,109000.0,106385.71428571429,14
OldTown,120000.0,129661.79047619048,105
Blueste,124000.0,124000.0,1
BrkSide,124300.0,122451.38888888889,54
Edwards,125000.0,129527.14285714286,91
Sawyer,134950.0,136521.0909090909,66
SWISU,137450.0,143965.90476190476,21
NAmes,140000.0,145796.15577889446,199
NPkVill,146000.0,142694.44444444444,9
Mitchel,152200.0,154259.9090909091,44
SawyerW,179950.0,190518.56,50
Gilbert,181000.0,192896.35616438356,73
NWAmes,181000.0,186817.53968253967,63
Blmngtn,191500.0,197083.57142857142,14
ClearCr,196000.0,208858.92307692306,26
CollgCr,200070.5,199930.4714285714,140
Crawfor,200624.0,207361.35555555555,45
Veenker,218000.0,238772.72727272726,11
Somerst,226850.0,228259.7894736842,76
Timber,228000.0,241752.17142857143,35
StoneBr,282000.0,318570.7272727273,22
NoRidge,302000.0,333488.1212121212,33
NridgHt,317000.0,319981.88732394367,71
