,correlation_with_SalePrice
OverallQual,0.7925411652299755
GrLivArea,0.6973006755057629
GarageCars,0.6423771128908435
GarageArea,0.6334518095408731
TotalBsmtSF,0.6141487968824831
1stFlrSF,0.6047034212035366
FullBath,0.5552944307010373
YearBuilt,0.529911513887877
TotRmsAbvGrd,0.5292257541784625
YearRemodAdd,0.5105785612135237
GarageYrBlt,0.4969740055055594
Fireplaces,0.47739834586965124
MasVnrArea,0.46183063476581687
BsmtFinSF1,0.38843059114656175
LotFrontage,0.35301682296975273
WoodDeckSF,0.31517556065236396
OpenPorchSF,0.307251725657503
2ndFlrSF,0.29603600186801843
HalfBath,0.2721441485148522
LotArea,0.2538161764295653
BsmtFullBath,0.22906715206080613
BsmtUnfSF,0.21732064235106818
BedroomAbvGr,0.15129330110848874
KitchenAbvGr,-0.1378495406261866
EnclosedPorch,-0.12843658171088315
ScreenPorch,0.1150915418142418
PoolArea,0.09680505304574806
MSSubClass,-0.09352903018874072
OverallCond,-0.08039349653328372
MoSold,0.04450820565477726
3SsnPorch,0.042909737725897776
LowQualFinSF,-0.024257103641904268
YrSold,-0.023531255709548813
MiscVal,-0.01702475922826341
BsmtFinSF2,-0.016326602484803655
BsmtHalfBath,-0.008597700959313287
